{
  "assortiativity_out_in": -0.0563,
  "assortiativity_out_out": 0.0144,
  "assortiativity_in_in": 0.1251,
  "assortiativity_in_out": 0.0164,
  "avg_clustering_dir": 0.1345,
  "avg_clustering_undir": 0.2281,
  "avg_degree": 4.5065,
  "avg_path_dir": 3.0013,
  "avg_path_undir": 3.6467,
  "degrees": [
    1,
    2,
    3,
    4,
    5,
    6,
    7,
    8,
    9,
    10,
    11,
    12,
    13,
    14,
    15,
    16,
    17,
    18,
    19,
    22,
    23,
    24,
    27,
    31,
    33,
    34,
    37,
    38,
    39,
    43,
    45,
    46,
    50,
    52,
    55,
    58,
    59,
    62,
    70,
    77,
    80,
    125,
    132,
    157,
    173,
    296,
    513
  ],
  "degree_counts": [
    571,
    336,
    233,
    146,
    68,
    27,
    28,
    10,
    15,
    16,
    15,
    9,
    6,
    2,
    3,
    4,
    3,
    1,
    2,
    1,
    3,
    2,
    1,
    1,
    3,
    1,
    1,
    2,
    1,
    1,
    4,
    1,
    1,
    1,
    1,
    1,
    1,
    1,
    1,
    1,
    1,
    1,
    1,
    1,
    1,
    1,
    1
  ],
  "density": 0.0014718,
  "degree_proba": [
    0.3727154046997389,
    0.2193211488250653,
    0.152088772845953,
    0.09530026109660575,
    0.044386422976501305,
    0.01762402088772846,
    0.018276762402088774,
    0.006527415143603133,
    0.0097911227154047,
    0.010443864229765013,
    0.0097911227154047,
    0.00587467362924282,
    0.0039164490861618795,
    0.0013054830287206266,
    0.0019582245430809398,
    0.0026109660574412533,
    0.0019582245430809398,
    0.0006527415143603133,
    0.0013054830287206266,
    0.0006527415143603133,
    0.0019582245430809398,
    0.0013054830287206266,
    0.0006527415143603133,
    0.0006527415143603133,
    0.0019582245430809398,
    0.0006527415143603133,
    0.0006527415143603133,
    0.0013054830287206266,
    0.0006527415143603133,
    0.0006527415143603133,
    0.0026109660574412533,
    0.0006527415143603133,
    0.0006527415143603133,
    0.0006527415143603133,
    0.0006527415143603133,
    0.0006527415143603133,
    0.0006527415143603133,
    0.0006527415143603133,
    0.0006527415143603133,
    0.0006527415143603133,
    0.0006527415143603133,
    0.0006527415143603133,
    0.0006527415143603133,
    0.0006527415143603133,
    0.0006527415143603133,
    0.0006527415143603133,
    0.0006527415143603133
  ],
  "diameter": 10,
  "diameter_undir": 10,
  "modularity": 0.5875,
  "nb_edges": 3452,
  "nb_nodes": 1532,
  "strongly_connected": false,
  "weakly_connected": true
}