{
  "assortiativity_out_in": 0.026,
  "assortiativity_out_out": 0.0143,
  "assortiativity_in_in": 0.0673,
  "assortiativity_in_out": -0.008,
  "avg_clustering_dir": 0.1394,
  "avg_clustering_undir": 0.2222,
  "avg_degree": 4.845,
  "avg_path_dir": 2.3755,
  "avg_path_undir": 3.5791,
  "degrees": [
    1,
    2,
    3,
    4,
    5,
    6,
    7,
    8,
    9,
    10,
    11,
    12,
    13,
    14,
    15,
    16,
    18,
    19,
    20,
    22,
    23,
    25,
    31,
    33,
    34,
    35,
    36,
    40,
    45,
    46,
    49,
    54,
    55,
    83,
    87,
    90,
    97,
    115,
    140,
    158,
    217,
    218,
    222,
    278,
    431
  ],
  "degree_counts": [
    483,
    348,
    217,
    149,
    53,
    95,
    33,
    11,
    19,
    4,
    14,
    5,
    2,
    2,
    3,
    1,
    1,
    2,
    2,
    1,
    2,
    2,
    1,
    2,
    2,
    2,
    2,
    1,
    1,
    1,
    1,
    1,
    1,
    1,
    1,
    2,
    1,
    1,
    1,
    1,
    1,
    1,
    1,
    1,
    1
  ],
  "density": 0.0016412,
  "degree_proba": [
    0.32701421800947866,
    0.23561272850372375,
    0.14691943127962084,
    0.1008801624915369,
    0.03588354773188896,
    0.06431956668923494,
    0.02234258632362898,
    0.007447528774542992,
    0.012863913337846988,
    0.002708192281651997,
    0.009478672985781991,
    0.003385240352064997,
    0.0013540961408259986,
    0.0013540961408259986,
    0.002031144211238998,
    0.0006770480704129993,
    0.0006770480704129993,
    0.0013540961408259986,
    0.0013540961408259986,
    0.0006770480704129993,
    0.0013540961408259986,
    0.0013540961408259986,
    0.0006770480704129993,
    0.0013540961408259986,
    0.0013540961408259986,
    0.0013540961408259986,
    0.0013540961408259986,
    0.0006770480704129993,
    0.0006770480704129993,
    0.0006770480704129993,
    0.0006770480704129993,
    0.0006770480704129993,
    0.0006770480704129993,
    0.0006770480704129993,
    0.0006770480704129993,
    0.0013540961408259986,
    0.0006770480704129993,
    0.0006770480704129993,
    0.0006770480704129993,
    0.0006770480704129993,
    0.0006770480704129993,
    0.0006770480704129993,
    0.0006770480704129993,
    0.0006770480704129993,
    0.0006770480704129993
  ],
  "diameter": 6,
  "diameter_undir": 9,
  "modularity": 0.546,
  "nb_edges": 3578,
  "nb_nodes": 1477,
  "strongly_connected": false,
  "weakly_connected": true
}