{
  "assortiativity_out_in": -0.0954,
  "assortiativity_out_out": -0.0072,
  "assortiativity_in_in": -0.0002,
  "assortiativity_in_out": -0.0129,
  "avg_clustering_dir": 0.2268,
  "avg_clustering_undir": 0.331,
  "avg_degree": 3.9761,
  "avg_path_dir": 2.4798,
  "avg_path_undir": 2.7923,
  "degrees": [
    1,
    2,
    3,
    4,
    5,
    6,
    7,
    8,
    9,
    10,
    11,
    12,
    13,
    19,
    27,
    44,
    46,
    61,
    63,
    79,
    84,
    92,
    110,
    114,
    116,
    122,
    178,
    198,
    226,
    308,
    332,
    353,
    486,
    636,
    1058,
    1287,
    1408,
    1572,
    1768,
    2243
  ],
  "degree_counts": [
    3503,
    1447,
    725,
    351,
    229,
    111,
    72,
    36,
    13,
    9,
    4,
    3,
    1,
    1,
    1,
    1,
    1,
    1,
    2,
    1,
    1,
    1,
    1,
    1,
    1,
    1,
    1,
    1,
    1,
    1,
    1,
    1,
    1,
    1,
    1,
    1,
    1,
    1,
    1,
    1
  ],
  "density": 0.0003044,
  "degree_proba": [
    0.5362829148805879,
    0.2215248009797918,
    0.11099203919167178,
    0.05373545621555419,
    0.03505817513778322,
    0.016993263931414575,
    0.011022657685241886,
    0.005511328842620943,
    0.001990202082057563,
    0.0013778322106552357,
    0.000612369871402327,
    0.00045927740355174526,
    0.00015309246785058175,
    0.00015309246785058175,
    0.00015309246785058175,
    0.00015309246785058175,
    0.00015309246785058175,
    0.00015309246785058175,
    0.0003061849357011635,
    0.00015309246785058175,
    0.00015309246785058175,
    0.00015309246785058175,
    0.00015309246785058175,
    0.00015309246785058175,
    0.00015309246785058175,
    0.00015309246785058175,
    0.00015309246785058175,
    0.00015309246785058175,
    0.00015309246785058175,
    0.00015309246785058175,
    0.00015309246785058175,
    0.00015309246785058175,
    0.00015309246785058175,
    0.00015309246785058175,
    0.00015309246785058175,
    0.00015309246785058175,
    0.00015309246785058175,
    0.00015309246785058175,
    0.00015309246785058175,
    0.00015309246785058175
  ],
  "diameter": 6,
  "diameter_undir": 5,
  "modularity": 0.4355,
  "nb_edges": 12986,
  "nb_nodes": 6532,
  "strongly_connected": false,
  "weakly_connected": true
}