{
  "assortiativity_out_in": -0.0874,
  "assortiativity_out_out": -0.0733,
  "assortiativity_in_in": -0.0571,
  "assortiativity_in_out": -0.0428,
  "avg_clustering_dir": 0.0463,
  "avg_clustering_undir": 0.0856,
  "avg_degree": 4.7982,
  "avg_path_dir": 4.5737,
  "avg_path_undir": 3.882,
  "degrees": [
    1,
    2,
    3,
    4,
    5,
    6,
    7,
    8,
    9,
    10,
    11,
    12,
    13,
    14,
    15,
    16,
    17,
    18,
    19,
    20,
    21,
    22,
    23,
    24,
    25,
    26,
    27,
    28,
    29,
    30,
    31,
    32,
    34,
    35,
    36,
    37,
    38,
    40,
    41,
    42,
    43,
    45,
    46,
    47,
    48,
    49,
    53,
    54,
    56,
    57,
    65,
    67,
    78,
    89,
    99,
    104,
    114,
    137,
    198,
    201,
    234
  ],
  "degree_counts": [
    823,
    410,
    219,
    121,
    89,
    42,
    35,
    35,
    26,
    21,
    23,
    21,
    13,
    11,
    7,
    12,
    11,
    5,
    7,
    3,
    6,
    8,
    5,
    6,
    3,
    2,
    2,
    2,
    1,
    2,
    1,
    2,
    3,
    2,
    1,
    1,
    2,
    2,
    1,
    2,
    1,
    1,
    1,
    1,
    1,
    2,
    1,
    2,
    1,
    1,
    1,
    1,
    1,
    1,
    1,
    1,
    2,
    1,
    1,
    1,
    1
  ],
  "density": 0.001193,
  "degree_proba": [
    0.40904572564612324,
    0.20377733598409542,
    0.10884691848906561,
    0.060139165009940355,
    0.044234592445328035,
    0.020874751491053677,
    0.01739562624254473,
    0.01739562624254473,
    0.012922465208747515,
    0.010437375745526839,
    0.01143141153081511,
    0.010437375745526839,
    0.0064612326043737576,
    0.0054671968190854875,
    0.0034791252485089465,
    0.005964214711729622,
    0.0054671968190854875,
    0.002485089463220676,
    0.0034791252485089465,
    0.0014910536779324055,
    0.002982107355864811,
    0.003976143141153081,
    0.002485089463220676,
    0.002982107355864811,
    0.0014910536779324055,
    0.0009940357852882703,
    0.0009940357852882703,
    0.0009940357852882703,
    0.0004970178926441351,
    0.0009940357852882703,
    0.0004970178926441351,
    0.0009940357852882703,
    0.0014910536779324055,
    0.0009940357852882703,
    0.0004970178926441351,
    0.0004970178926441351,
    0.0009940357852882703,
    0.0009940357852882703,
    0.0004970178926441351,
    0.0009940357852882703,
    0.0004970178926441351,
    0.0004970178926441351,
    0.0004970178926441351,
    0.0004970178926441351,
    0.0004970178926441351,
    0.0009940357852882703,
    0.0004970178926441351,
    0.0009940357852882703,
    0.0004970178926441351,
    0.0004970178926441351,
    0.0004970178926441351,
    0.0004970178926441351,
    0.0004970178926441351,
    0.0004970178926441351,
    0.0004970178926441351,
    0.0004970178926441351,
    0.0009940357852882703,
    0.0004970178926441351,
    0.0004970178926441351,
    0.0004970178926441351,
    0.0004970178926441351
  ],
  "diameter": 11,
  "diameter_undir": 9,
  "modularity": 0.4948,
  "nb_edges": 4827,
  "nb_nodes": 2012,
  "strongly_connected": false,
  "weakly_connected": true
}