{
  "assortiativity_out_in": -0.2097,
  "assortiativity_out_out": -0.0165,
  "assortiativity_in_in": -0.0722,
  "assortiativity_in_out": -0.0041,
  "avg_clustering_dir": 0.707,
  "avg_clustering_undir": 0.8369,
  "avg_degree": 16.4185,
  "avg_path_dir": 1.6957,
  "avg_path_undir": 2.1223,
  "degrees": [
    1,
    2,
    3,
    4,
    5,
    6,
    7,
    8,
    9,
    10,
    11,
    12,
    13,
    14,
    15,
    16,
    17,
    18,
    19,
    20,
    21,
    22,
    23,
    540,
    716,
    1320,
    1556,
    2095,
    2247,
    2287,
    2445,
    2498,
    2571,
    2894,
    3007,
    3386,
    3872,
    4093,
    4281,
    4374,
    4422,
    4716,
    5191,
    6130,
    6223,
    6404
  ],
  "degree_counts": [
    883,
    728,
    627,
    596,
    622,
    584,
    552,
    555,
    526,
    535,
    511,
    487,
    405,
    408,
    342,
    305,
    216,
    195,
    131,
    96,
    29,
    13,
    2,
    1,
    1,
    1,
    1,
    1,
    1,
    1,
    1,
    1,
    1,
    1,
    1,
    1,
    1,
    1,
    1,
    1,
    1,
    1,
    1,
    1,
    1,
    1
  ],
  "density": 0.0008761,
  "degree_proba": [
    0.094226870131256,
    0.07768647956461423,
    0.06690854764699605,
    0.0636004695336677,
    0.06637498666097535,
    0.06231992316721801,
    0.05890513285668552,
    0.05922526944829794,
    0.056130615729377865,
    0.05709102550421513,
    0.054529932771315764,
    0.05196884003841639,
    0.04321843986767687,
    0.0435385764592893,
    0.03649557144381603,
    0.032547220147262836,
    0.023049834596094335,
    0.020808878454807386,
    0.013979297833742396,
    0.010244370931597482,
    0.0030946537189200725,
    0.0013872585636538256,
    0.00021342439440828086,
    0.00010671219720414043,
    0.00010671219720414043,
    0.00010671219720414043,
    0.00010671219720414043,
    0.00010671219720414043,
    0.00010671219720414043,
    0.00010671219720414043,
    0.00010671219720414043,
    0.00010671219720414043,
    0.00010671219720414043,
    0.00010671219720414043,
    0.00010671219720414043,
    0.00010671219720414043,
    0.00010671219720414043,
    0.00010671219720414043,
    0.00010671219720414043,
    0.00010671219720414043,
    0.00010671219720414043,
    0.00010671219720414043,
    0.00010671219720414043,
    0.00010671219720414043,
    0.00010671219720414043,
    0.00010671219720414043
  ],
  "diameter": 4,
  "diameter_undir": 4,
  "modularity": 0.1067,
  "nb_edges": 76929,
  "nb_nodes": 9371,
  "strongly_connected": false,
  "weakly_connected": true
}