{
  "assortiativity_out_in": -0.1325,
  "assortiativity_out_out": -0.0075,
  "assortiativity_in_in": -0.0226,
  "assortiativity_in_out": -0.0057,
  "avg_clustering_dir": 0.2288,
  "avg_clustering_undir": 0.325,
  "avg_degree": 3.7995,
  "avg_path_dir": 2.5169,
  "avg_path_undir": 2.7823,
  "degrees": [
    1,
    2,
    3,
    4,
    5,
    6,
    7,
    8,
    9,
    10,
    11,
    12,
    14,
    15,
    20,
    30,
    44,
    46,
    51,
    63,
    78,
    82,
    113,
    180,
    197,
    226,
    308,
    330,
    333,
    358,
    1060,
    1155,
    1409,
    1572,
    1768,
    2171
  ],
  "degree_counts": [
    3406,
    1355,
    626,
    336,
    190,
    99,
    47,
    21,
    5,
    6,
    6,
    1,
    1,
    1,
    2,
    1,
    1,
    1,
    1,
    2,
    1,
    1,
    1,
    1,
    1,
    1,
    1,
    1,
    1,
    1,
    1,
    1,
    1,
    1,
    1,
    1
  ],
  "density": 0.0003103,
  "degree_proba": [
    0.5561724363161332,
    0.2212606139777923,
    0.10222077073807968,
    0.054866100587851074,
    0.0310254735467015,
    0.016165904637491835,
    0.00767472240365774,
    0.003429131286740692,
    0.0008164598301763554,
    0.0009797517962116264,
    0.0009797517962116264,
    0.00016329196603527107,
    0.00016329196603527107,
    0.00016329196603527107,
    0.00032658393207054214,
    0.00016329196603527107,
    0.00016329196603527107,
    0.00016329196603527107,
    0.00016329196603527107,
    0.00032658393207054214,
    0.00016329196603527107,
    0.00016329196603527107,
    0.00016329196603527107,
    0.00016329196603527107,
    0.00016329196603527107,
    0.00016329196603527107,
    0.00016329196603527107,
    0.00016329196603527107,
    0.00016329196603527107,
    0.00016329196603527107,
    0.00016329196603527107,
    0.00016329196603527107,
    0.00016329196603527107,
    0.00016329196603527107,
    0.00016329196603527107,
    0.00016329196603527107
  ],
  "diameter": 6,
  "diameter_undir": 5,
  "modularity": 0.4455,
  "nb_edges": 11634,
  "nb_nodes": 6124,
  "strongly_connected": false,
  "weakly_connected": true
}