{
  "assortiativity_out_in": -0.0737,
  "assortiativity_out_out": 0.005,
  "assortiativity_in_in": -0.0325,
  "assortiativity_in_out": 0.0456,
  "avg_clustering_dir": 0.0153,
  "avg_clustering_undir": 0.0288,
  "avg_degree": 3.3693,
  "avg_path_dir": 2.7261,
  "avg_path_undir": 3.9285,
  "degrees": [
    1,
    2,
    3,
    4,
    5,
    6,
    7,
    8,
    9,
    10,
    11,
    13,
    14,
    15,
    16,
    17,
    18,
    19,
    20,
    21,
    25,
    27,
    28,
    30,
    38,
    41,
    42,
    50,
    53,
    57,
    62,
    64,
    65,
    66,
    67,
    86,
    92,
    95,
    128,
    147,
    159,
    238,
    321
  ],
  "degree_counts": [
    945,
    348,
    202,
    94,
    31,
    8,
    9,
    7,
    8,
    1,
    4,
    2,
    1,
    2,
    1,
    2,
    1,
    1,
    2,
    2,
    3,
    2,
    2,
    2,
    2,
    2,
    1,
    1,
    1,
    1,
    1,
    1,
    1,
    1,
    1,
    2,
    1,
    1,
    1,
    2,
    1,
    1,
    1
  ],
  "density": 0.0009898,
  "degree_proba": [
    0.5549031121550205,
    0.20434527304756311,
    0.11861421021726365,
    0.0551967116852613,
    0.0182031708749266,
    0.004697592483852026,
    0.005284791544333529,
    0.004110393423370522,
    0.004697592483852026,
    0.0005871990604815032,
    0.002348796241926013,
    0.0011743981209630064,
    0.0005871990604815032,
    0.0011743981209630064,
    0.0005871990604815032,
    0.0011743981209630064,
    0.0005871990604815032,
    0.0005871990604815032,
    0.0011743981209630064,
    0.0011743981209630064,
    0.0017615971814445098,
    0.0011743981209630064,
    0.0011743981209630064,
    0.0011743981209630064,
    0.0011743981209630064,
    0.0011743981209630064,
    0.0005871990604815032,
    0.0005871990604815032,
    0.0005871990604815032,
    0.0005871990604815032,
    0.0005871990604815032,
    0.0005871990604815032,
    0.0005871990604815032,
    0.0005871990604815032,
    0.0005871990604815032,
    0.0011743981209630064,
    0.0005871990604815032,
    0.0005871990604815032,
    0.0005871990604815032,
    0.0011743981209630064,
    0.0005871990604815032,
    0.0005871990604815032,
    0.0005871990604815032
  ],
  "diameter": 8,
  "diameter_undir": 9,
  "modularity": 0.6754,
  "nb_edges": 2869,
  "nb_nodes": 1703,
  "strongly_connected": false,
  "weakly_connected": true
}